SCOMMESSE VIRTUALI,Unnamed: 1,Unnamed: 2,Unnamed: 3,Unnamed: 4,Unnamed: 5,Unnamed: 6,Unnamed: 7,Unnamed: 8
"COD 
GIOCO",DATA ORA,"INTERVALLO
ACQUISIZIONE","NUMERO
TRANSAZIONI",TEMPO MIN,TEMPO MAX,TEMPO MEDIO,NUMERO RETRY,"NUMERO 
TRANSAZIONI ERRATE"
8,31/05/2024 07:01:11,60,366,6,1019,25.907562,0,90
8,31/05/2024 07:02:11,60,948,7,90,18.181719,0,90
8,31/05/2024 07:03:11,60,1273,7,408,18.813356,0,90
8,31/05/2024 07:04:11,60,1538,6,70,16.607435,0,90
8,31/05/2024 07:05:11,60,703,5,85,16.645409,0,90
8,31/05/2024 07:06:11,60,609,5,93,15.039655,0,90
8,31/05/2024 07:07:11,60,390,6,88,14.408332,0,89
8,31/05/2024 07:08:12,60,371,5,80,13.131965,0,90
8,31/05/2024 07:09:12,60,320,4,28,12.670101,0,90
8,31/05/2024 07:10:12,60,316,6,33,14.045296,0,90
8,31/05/2024 07:11:12,60,505,6,49,14.412632,0,90
8,31/05/2024 07:12:12,60,302,5,104,13.613971,0,90
8,31/05/2024 07:13:12,60,318,4,77,12.349485,0,90
8,31/05/2024 07:14:12,60,295,5,96,11.81203,0,89
8,31/05/2024 07:15:12,60,223,5,137,13.300518,0,90
8,31/05/2024 07:16:12,60,271,5,92,12.788382,0,86
8,31/05/2024 07:17:12,60,204,4,88,12.331429,0,90
8,31/05/2024 07:18:12,60,246,4,33,10.764978,0,90
8,31/05/2024 07:19:12,60,231,5,47,11.875621,0,91
8,31/05/2024 07:20:12,60,240,4,32,11.471429,0,91
8,31/05/2024 07:21:12,60,231,5,38,12.4207945,0,90
8,31/05/2024 07:22:12,60,254,5,83,12.248889,0,90
8,31/05/2024 07:23:12,60,255,4,79,11.062223,0,90
8,31/05/2024 07:24:12,60,274,4,136,12.614752,0,91
8,31/05/2024 07:25:12,60,248,4,37,11.721461,0,90
8,31/05/2024 07:26:12,60,277,4,41,12.197581,0,90
8,31/05/2024 07:27:12,60,261,4,44,11.112557,0,90
8,31/05/2024 07:28:12,60,307,4,35,11.613716,0,91
8,31/05/2024 07:29:12,60,276,4,79,11.704454,0,90
8,31/05/2024 07:30:13,60,296,4,50,12.168541,0,91
8,31/05/2024 07:31:13,60,393,4,77,13.35813,0,90
8,31/05/2024 07:32:13,60,275,3,119,11.261225,0,94
8,31/05/2024 07:33:13,60,304,3,39,10.996363,0,92
8,31/05/2024 07:34:13,60,320,3,79,10.793815,0,93
8,31/05/2024 07:35:13,60,284,3,49,11.523624,0,90
8,31/05/2024 07:36:13,60,320,4,92,12.258617,0,90
8,31/05/2024 07:37:13,60,353,4,31,10.925924,0,90
8,31/05/2024 07:38:13,60,300,4,33,10.767528,0,92
8,31/05/2024 07:39:13,60,314,4,84,11.221832,0,90
8,31/05/2024 07:40:13,60,350,3,112,12.403127,0,91
8,31/05/2024 07:41:13,60,288,4,89,11.474901,0,87
8,31/05/2024 07:42:13,60,307,4,68,10.550362,0,94
8,31/05/2024 07:43:13,60,316,4,64,11.667834,0,90
8,31/05/2024 07:44:13,60,294,4,31,9.844701,0,99
8,31/05/2024 07:45:13,60,623,3,84,16.348488,0,90
8,31/05/2024 07:46:13,60,545,4,73,16.980612,0,91
8,31/05/2024 07:47:13,60,324,2,74,11.105444,0,96
8,31/05/2024 07:48:13,60,348,3,76,10.839625,0,91
8,31/05/2024 07:49:13,60,327,3,36,10.76175,0,97
8,31/05/2024 07:50:13,60,325,4,46,11.952702,0,90
8,31/05/2024 07:51:13,60,340,4,39,11.822578,0,91
8,31/05/2024 07:52:14,60,383,3,34,10.439092,0,93
8,31/05/2024 07:53:14,60,313,3,150,10.728872,0,95
8,31/05/2024 07:54:14,60,339,2,43,10.925807,0,90
8,31/05/2024 07:55:14,60,339,3,82,12.038836,0,92
8,31/05/2024 07:56:14,60,351,4,38,11.451718,0,90
8,31/05/2024 07:57:14,60,335,3,61,10.192809,0,91
8,31/05/2024 07:58:14,60,358,4,85,11.045592,0,91
8,31/05/2024 07:59:14,60,286,3,45,11.472656,0,92
8,31/05/2024 08:00:14,60,374,3,158,13.279068,0,90
8,31/05/2024 08:01:14,60,387,3,52,11.606145,0,90
8,31/05/2024 08:02:14,60,570,4,52,12.909427,0,92
8,31/05/2024 08:03:14,60,782,3,84,13.3071785,0,92
8,31/05/2024 08:04:14,60,423,4,36,10.793891,0,90
8,31/05/2024 08:05:14,60,396,3,87,11.964577,0,89
8,31/05/2024 08:06:14,60,376,4,40,12.115276,0,88
8,31/05/2024 08:07:14,60,360,4,37,11.093941,0,92
8,31/05/2024 08:08:14,60,346,4,37,10.611987,0,106
8,31/05/2024 08:09:14,60,456,4,90,11.826698,0,108
8,31/05/2024 08:10:14,60,435,3,44,12.120988,0,91
8,31/05/2024 08:11:14,60,334,3,86,12.578948,0,100
8,31/05/2024 08:12:14,60,465,2,54,10.974772,0,105
8,31/05/2024 08:13:14,60,362,3,82,10.552553,0,91
8,31/05/2024 08:14:14,60,397,4,39,11.177112,0,98
8,31/05/2024 08:15:14,60,386,4,40,12.264048,0,92
8,31/05/2024 08:16:15,60,469,3,86,11.711364,0,105
8,31/05/2024 08:17:15,60,353,3,82,10.635804,0,92
8,31/05/2024 08:18:15,60,432,3,36,10.355721,0,93
8,31/05/2024 08:19:15,60,422,3,81,11.48724,0,98
8,31/05/2024 08:20:15,60,439,3,82,11.992682,0,107
8,31/05/2024 08:21:15,60,366,3,43,11.498513,0,95
8,31/05/2024 08:22:15,60,440,4,85,10.941461,0,91
8,31/05/2024 08:23:15,60,368,3,38,10.994082,0,95
8,31/05/2024 08:24:15,60,509,2,45,11.425,0,139
8,31/05/2024 08:25:15,60,450,4,93,11.662705,0,89
8,31/05/2024 08:26:15,60,418,3,40,11.613402,0,97
8,31/05/2024 08:27:15,60,419,4,88,11.740362,0,98
8,31/05/2024 08:28:15,60,451,4,137,11.357822,0,137
8,31/05/2024 08:29:15,60,420,3,81,11.184139,0,93
8,31/05/2024 08:30:15,60,500,3,146,12.468085,0,91
8,31/05/2024 08:31:15,60,495,4,53,12.522584,0,92
8,31/05/2024 08:32:15,60,489,3,48,11.980432,0,137
8,31/05/2024 08:33:15,60,423,3,81,11.015233,0,95
8,31/05/2024 08:34:15,60,476,3,63,10.96189,0,90
8,31/05/2024 08:35:15,60,423,3,88,12.452924,0,93
8,31/05/2024 08:36:15,60,538,4,41,11.161098,0,133
8,31/05/2024 08:37:15,60,484,3,56,10.720881,0,99
8,31/05/2024 08:38:15,60,419,4,33,10.47815,0,92
8,31/05/2024 08:39:15,60,491,3,42,10.663772,0,96
8,31/05/2024 08:40:16,60,561,4,83,11.67481,0,118
8,31/05/2024 08:41:16,60,437,3,86,11.892155,0,98
8,31/05/2024 08:42:16,60,607,3,41,10.6239195,0,97
8,31/05/2024 08:43:16,60,437,3,75,10.47304,0,95
8,31/05/2024 08:44:16,60,524,3,42,10.286864,0,112
8,31/05/2024 08:45:16,60,545,3,85,11.786409,0,109
8,31/05/2024 08:46:16,60,548,3,82,11.326251,0,96
8,31/05/2024 08:47:16,60,446,3,72,10.757795,0,91
8,31/05/2024 08:48:16,60,544,3,41,10.398058,0,94
8,31/05/2024 08:49:16,60,569,3,88,11.7346945,0,130
8,31/05/2024 08:50:16,60,455,3,39,11.934116,0,89
8,31/05/2024 08:51:16,60,489,3,79,11.406522,0,102
8,31/05/2024 08:52:16,60,572,3,50,11.265192,0,124
8,31/05/2024 08:53:16,60,435,4,79,11.251852,0,111
8,31/05/2024 08:54:16,60,601,3,39,10.3923,0,95
8,31/05/2024 08:55:16,60,529,3,40,11.504001,0,89
8,31/05/2024 08:56:16,60,545,3,46,11.343023,0,148
8,31/05/2024 08:57:16,60,571,3,87,11.025877,0,99
8,31/05/2024 08:58:16,60,500,3,41,9.87447,0,92
8,31/05/2024 08:59:16,60,564,2,78,11.192527,9,94
8,31/05/2024 09:00:16,60,694,3,47,11.339851,0,139
8,31/05/2024 09:01:16,60,577,3,48,11.358318,0,92
8,31/05/2024 09:02:16,60,734,2,60,11.319596,0,103
8,31/05/2024 09:03:16,60,646,3,34,11.593193,0,93
8,31/05/2024 09:04:17,60,739,3,82,11.135209,0,149
8,31/05/2024 09:05:17,60,661,3,42,10.793979,0,91
8,31/05/2024 09:06:17,60,683,3,49,11.77488,0,103
8,31/05/2024 09:07:17,60,598,4,81,11.483305,0,97
8,31/05/2024 09:08:17,60,738,3,59,10.249647,0,108
8,31/05/2024 09:09:17,60,754,3,96,10.640882,0,97
8,31/05/2024 09:10:17,60,634,3,41,10.899008,0,91
8,31/05/2024 09:11:17,60,616,3,65,10.744465,0,102
8,31/05/2024 09:12:17,60,813,1,85,10.797196,0,138
8,31/05/2024 09:13:17,60,689,4,38,10.681335,0,92
8,31/05/2024 09:14:17,60,722,3,92,10.619943,0,96
8,31/05/2024 09:15:17,60,720,3,161,11.250356,0,92
8,31/05/2024 09:16:17,60,710,3,85,11.170338,0,152
8,31/05/2024 09:17:17,60,781,3,86,11.019979,0,107
8,31/05/2024 09:18:17,60,767,3,82,10.241514,0,125
8,31/05/2024 09:19:17,60,691,3,69,11.072502,0,108
8,31/05/2024 09:20:17,60,836,3,63,10.25774,0,120
8,31/05/2024 09:21:17,60,702,4,82,11.114583,0,95
8,31/05/2024 09:22:17,60,734,4,64,11.177304,0,98
8,31/05/2024 09:23:17,60,727,3,78,10.617477,0,99
8,31/05/2024 09:24:17,60,942,3,50,10.696274,0,134
8,31/05/2024 09:25:17,60,704,3,86,11.219581,0,94
8,31/05/2024 09:26:17,60,736,3,67,10.943419,0,125
8,31/05/2024 09:27:17,60,829,2,74,10.986258,0,103
8,31/05/2024 09:28:18,60,761,3,42,10.549935,0,117
8,31/05/2024 09:29:18,60,886,3,145,11.153039,0,110
8,31/05/2024 09:30:18,60,889,3,62,10.99884,0,95
8,31/05/2024 09:31:18,60,753,4,82,11.977903,0,96
8,31/05/2024 09:32:18,60,970,4,83,11.752129,0,148
8,31/05/2024 09:33:18,60,875,3,54,10.71835,0,103
8,31/05/2024 09:34:18,60,869,3,128,11.19643,0,132
8,31/05/2024 09:35:18,60,902,3,41,11.396331,0,99
8,31/05/2024 09:36:18,60,912,3,49,11.284581,0,125
8,31/05/2024 09:37:18,60,803,2,165,11.3544655,0,115
8,31/05/2024 09:38:18,60,949,3,77,10.555437,0,99
8,31/05/2024 09:39:18,60,998,3,85,10.5407715,0,103
8,31/05/2024 09:40:18,60,961,3,91,11.351231,0,158
8,31/05/2024 09:41:18,60,881,3,60,11.33372,0,100
8,31/05/2024 09:42:18,60,1056,3,86,10.971765,0,144
8,31/05/2024 09:43:18,60,867,3,43,10.362777,0,102
8,31/05/2024 09:44:18,60,1136,3,65,11.1202545,0,157
8,31/05/2024 09:45:18,60,995,3,84,11.675652,0,130
8,31/05/2024 09:46:18,60,959,4,74,11.811824,0,110
8,31/05/2024 09:47:18,60,1045,3,79,10.768695,0,117
8,31/05/2024 09:48:18,60,1129,4,48,10.786163,0,164
8,31/05/2024 09:49:18,60,986,3,82,11.288703,0,134
8,31/05/2024 09:50:18,60,1083,3,57,11.316888,0,171
8,31/05/2024 09:51:18,60,993,4,44,10.919087,0,121
8,31/05/2024 09:52:19,60,995,3,79,11.735751,0,145
8,31/05/2024 09:53:19,60,1142,3,78,11.5009,0,172
8,31/05/2024 09:54:19,60,1187,4,261,11.746335,0,127
8,31/05/2024 09:55:19,60,1049,3,79,11.6594715,0,115
8,31/05/2024 09:56:19,60,1060,3,41,11.24466,0,156
8,31/05/2024 09:57:19,60,1055,3,114,11.077974,0,117
8,31/05/2024 09:58:19,60,1150,3,70,10.619086,0,139
8,31/05/2024 09:59:19,60,1213,4,125,11.1174965,0,106
8,31/05/2024 10:00:19,60,1285,3,59,11.007974,0,150
8,31/05/2024 10:01:19,60,957,3,55,11.27694,0,108
8,31/05/2024 10:02:19,60,1287,2,73,11.223369,0,118
8,31/05/2024 10:03:19,60,1479,3,107,11.357488,0,134
8,31/05/2024 10:04:19,60,1388,3,187,11.899123,0,136
8,31/05/2024 10:05:19,60,1434,3,68,11.299642,0,114
8,31/05/2024 10:06:19,60,1292,3,110,11.29058,0,161
8,31/05/2024 10:07:19,60,1267,1,62,10.484234,0,133
8,31/05/2024 10:08:19,60,1667,3,77,10.960296,0,141
8,31/05/2024 10:09:19,60,1563,3,233,11.4980545,0,131
8,31/05/2024 10:10:19,60,1506,3,63,11.136092,0,99
8,31/05/2024 10:11:19,60,1436,3,115,11.1017065,0,125
8,31/05/2024 10:12:19,60,1577,3,67,11.200396,0,160
8,31/05/2024 10:13:19,60,1553,4,59,11.590553,0,133
8,31/05/2024 10:14:19,60,1700,3,112,11.649315,0,177
8,31/05/2024 10:15:19,60,1700,3,84,11.267662,0,115
8,31/05/2024 10:16:20,60,1507,3,65,11.206349,0,149
8,31/05/2024 10:17:20,60,1601,3,109,11.386131,0,134
8,31/05/2024 10:18:20,60,1795,3,57,10.897452,0,113
8,31/05/2024 10:19:20,60,1737,3,120,11.755714,0,136
8,31/05/2024 10:20:20,60,1744,3,88,11.09096,0,168
8,31/05/2024 10:21:20,60,1435,3,80,11.595308,0,108
8,31/05/2024 10:22:20,60,1619,3,67,11.037772,0,167
8,31/05/2024 10:23:20,60,1789,3,88,11.032969,0,114
8,31/05/2024 10:24:20,60,1969,3,204,11.507224,0,158
8,31/05/2024 10:25:20,60,1657,3,106,11.1240835,0,109
8,31/05/2024 10:26:20,60,1552,3,139,11.355458,0,115
8,31/05/2024 10:27:20,60,1670,2,131,11.055486,0,143
8,31/05/2024 10:28:20,60,1947,2,85,11.68352,0,166
8,31/05/2024 10:29:20,60,1951,1,128,11.389704,0,114
8,31/05/2024 10:30:20,60,1968,2,117,11.839525,0,158
8,31/05/2024 10:31:20,60,1598,3,70,11.336095,0,114
8,31/05/2024 10:32:20,60,2187,3,200,11.88044,0,181
8,31/05/2024 10:33:20,60,2043,3,55,11.074977,0,118
8,31/05/2024 10:34:20,60,1844,3,70,10.913455,0,126
8,31/05/2024 10:35:20,60,2049,3,86,11.125811,0,145
8,31/05/2024 10:36:20,60,1786,3,129,10.889015,0,159
8,31/05/2024 10:37:20,60,1984,3,186,10.626602,0,178
8,31/05/2024 10:38:20,60,2307,3,108,10.960043,0,227
8,31/05/2024 10:39:20,60,2194,3,146,10.761195,0,202
8,31/05/2024 10:40:20,60,2040,2,99,10.590254,0,221
8,31/05/2024 10:41:21,60,1753,3,89,10.733602,0,165
8,31/05/2024 10:42:21,60,2069,3,70,10.917607,0,136
8,31/05/2024 10:43:21,60,2219,3,82,10.950688,0,123
8,31/05/2024 10:44:21,60,2359,3,168,10.98154,0,176
8,31/05/2024 10:45:21,60,2083,3,132,10.988799,0,116
8,31/05/2024 10:46:21,60,1901,2,73,11.262433,0,176
8,31/05/2024 10:47:21,60,2102,3,181,11.145203,0,150
8,31/05/2024 10:48:21,60,2458,3,124,11.111567,0,149
8,31/05/2024 10:49:21,60,2145,3,122,11.327189,0,122
8,31/05/2024 10:50:21,60,2147,3,94,10.862067,0,119
8,31/05/2024 10:51:21,60,1913,3,155,10.988327,0,154
8,31/05/2024 10:52:21,60,2114,2,180,11.082505,0,128
8,31/05/2024 10:53:21,60,2492,3,173,11.015024,0,144
8,31/05/2024 10:54:21,60,2372,3,146,11.527316,0,188
8,31/05/2024 10:55:21,60,2241,3,107,10.866643,0,115
8,31/05/2024 10:56:21,60,2080,2,81,11.278888,0,153
8,31/05/2024 10:57:21,60,2223,3,105,10.689465,0,164
8,31/05/2024 10:58:21,60,2424,2,88,11.12907,0,123
8,31/05/2024 10:59:21,60,2504,0,164,11.1305065,0,133
8,31/05/2024 11:00:21,60,2344,1,88,10.944275,0,187
8,31/05/2024 11:01:21,60,1920,3,60,11.459253,0,126
8,31/05/2024 11:02:21,60,2299,2,70,11.300876,0,217
8,31/05/2024 11:03:21,60,2659,3,79,11.401137,0,111
8,31/05/2024 11:04:21,60,2232,3,164,11.143509,0,123
8,31/05/2024 11:05:22,60,2382,2,104,11.196423,0,132
8,31/05/2024 11:06:22,60,2105,3,115,11.221575,0,124
8,31/05/2024 11:07:22,60,2281,3,77,11.091921,0,161
8,31/05/2024 11:08:22,60,2844,3,72,11.00996,0,167
8,31/05/2024 11:09:22,60,2530,3,106,11.075996,0,119
8,31/05/2024 11:10:22,60,2328,3,222,12.804257,0,185
8,31/05/2024 11:11:22,60,2097,3,99,12.461316,0,117
8,31/05/2024 11:12:22,60,2570,3,283,12.589367,0,164
8,31/05/2024 11:13:22,60,2778,3,96,12.236534,0,120
8,31/05/2024 11:14:22,60,2603,1,206,12.233107,0,105
8,31/05/2024 11:15:22,60,2280,3,158,13.28076,0,145
8,31/05/2024 11:16:22,60,2179,3,371,14.959512,0,129
8,31/05/2024 11:17:22,60,2666,2,1248,22.631754,0,173
8,31/05/2024 11:18:22,60,2931,1,125,12.559265,0,168
8,31/05/2024 11:19:22,60,2565,3,272,13.4516735,0,125
8,31/05/2024 11:20:22,60,2674,3,280,13.11687,0,204
8,31/05/2024 11:21:22,60,2366,3,152,12.897307,0,136
8,31/05/2024 11:22:22,60,2408,3,293,12.903317,0,146
8,31/05/2024 11:23:22,60,2989,3,81,12.6637335,0,178
8,31/05/2024 11:24:22,60,2885,2,131,12.64308,0,182
8,31/05/2024 11:25:22,60,2520,3,128,12.745479,0,122
8,31/05/2024 11:26:22,60,2373,3,193,12.436431,0,188
8,31/05/2024 11:27:23,60,2678,3,191,12.649547,0,177
8,31/05/2024 11:28:23,60,2904,3,240,13.082814,0,229
8,31/05/2024 11:29:23,60,2688,3,263,13.283944,0,124
8,31/05/2024 11:30:23,60,2509,3,396,16.016113,0,120
8,31/05/2024 11:31:23,60,2254,4,321,14.3098,0,140
8,31/05/2024 11:32:23,60,2948,3,1033,20.650078,0,217
8,31/05/2024 11:33:23,60,3122,3,109,12.1315775,0,167
8,31/05/2024 11:34:23,60,2606,3,204,13.423742,0,175
8,31/05/2024 11:35:23,60,2501,3,251,12.722792,0,150
8,31/05/2024 11:36:23,60,2490,3,126,12.766256,0,193
8,31/05/2024 11:37:23,60,2612,2,270,12.941544,0,146
8,31/05/2024 11:38:23,60,2991,3,242,12.623902,0,124
8,31/05/2024 11:39:23,60,2728,3,196,13.145294,0,173
8,31/05/2024 11:40:23,60,2483,3,271,12.8402,0,135
8,31/05/2024 11:41:23,60,2433,3,89,13.138101,0,191
8,31/05/2024 11:42:23,60,2660,3,106,12.663993,0,201
8,31/05/2024 11:43:23,60,2972,3,88,12.507133,0,155
8,31/05/2024 11:44:23,60,2999,2,282,13.047491,0,182
8,31/05/2024 11:45:23,60,2572,3,525,15.010217,0,116
8,31/05/2024 11:46:23,60,2238,3,305,13.840129,0,115
8,31/05/2024 11:47:23,60,2674,3,887,21.868399,0,180
8,31/05/2024 11:48:23,60,3190,3,131,12.5688095,0,182
8,31/05/2024 11:49:23,60,2984,3,181,12.917429,0,118
8,31/05/2024 11:50:24,60,2689,3,168,12.714929,0,221
8,31/05/2024 11:51:24,60,2253,4,239,12.517774,0,115
8,31/05/2024 11:52:24,60,2587,3,91,13.092262,0,197
8,31/05/2024 11:53:24,60,3301,4,94,12.757022,0,185
8,31/05/2024 11:54:24,60,2850,3,243,13.19362,0,130
8,31/05/2024 11:55:24,60,2413,3,169,13.169959,0,152
8,31/05/2024 11:56:24,60,2660,3,132,12.503235,0,155
8,31/05/2024 11:57:24,60,2604,3,115,12.714957,0,152
8,31/05/2024 11:58:24,60,2712,3,114,12.844524,0,203
8,31/05/2024 11:59:24,60,2881,3,192,13.094353,0,136
8,31/05/2024 12:00:24,60,2829,2,722,14.805715,0,178
8,31/05/2024 12:01:24,60,2461,3,399,13.389798,0,105
8,31/05/2024 12:02:24,60,2795,3,1083,20.277771,0,165
8,31/05/2024 12:03:24,60,2955,3,131,12.967196,0,133
8,31/05/2024 12:04:24,60,2847,1,293,13.454225,1,203
8,31/05/2024 12:05:24,60,2662,2,165,12.454787,0,121
8,31/05/2024 12:06:24,60,2419,3,95,12.390117,0,209
8,31/05/2024 12:07:24,60,2531,3,217,13.421657,0,161
8,31/05/2024 12:08:24,60,3410,4,261,12.963914,0,175
8,31/05/2024 12:09:24,60,3017,3,270,12.962509,0,128
8,31/05/2024 12:10:24,60,2418,3,138,12.8634815,0,138
8,31/05/2024 12:11:24,60,2329,3,109,13.588692,0,171
8,31/05/2024 12:12:24,60,2883,3,101,12.899778,0,211
8,31/05/2024 12:13:25,60,3191,1,81,12.692506,0,133
8,31/05/2024 12:14:25,60,2787,3,266,13.113532,0,177
8,31/05/2024 12:15:25,60,2543,3,606,15.149558,0,127
8,31/05/2024 12:16:25,60,2419,1,4800,61.25901,15,164
8,31/05/2024 12:17:26,60,2411,0,9853,906.17773,1242,104
8,31/05/2024 12:18:26,60,3379,0,9368,172.94766,52,222
8,31/05/2024 12:19:26,60,2914,3,229,13.149096,0,139
8,31/05/2024 12:20:27,60,2988,3,1965,41.34775,0,177
8,31/05/2024 12:21:27,60,2577,0,7902,490.41418,339,177
8,31/05/2024 12:22:27,60,2552,3,93,12.806896,0,211
8,31/05/2024 12:23:27,60,3066,1,134,13.17095,0,135
8,31/05/2024 12:24:27,60,3171,3,242,13.31159,0,192
8,31/05/2024 12:25:27,60,2750,3,92,12.656012,0,110
8,31/05/2024 12:26:27,60,2451,4,84,12.65056,0,126
8,31/05/2024 12:27:27,60,2689,3,114,12.851071,0,203
8,31/05/2024 12:28:27,60,2934,3,90,13.209983,0,159
8,31/05/2024 12:29:27,60,3136,3,326,13.325395,0,132
8,31/05/2024 12:30:27,60,2968,3,475,15.118109,0,207
8,31/05/2024 12:31:28,60,2327,3,3477,173.83453,37,115
8,31/05/2024 12:32:28,60,3160,1,6239,501.60474,134,150
8,31/05/2024 12:33:28,60,3134,3,149,12.777785,0,220
8,31/05/2024 12:34:28,60,2800,3,173,13.03429,0,131
8,31/05/2024 12:35:28,60,2796,3,259,13.054966,0,147
8,31/05/2024 12:36:28,60,2657,3,81,12.882038,0,250
8,31/05/2024 12:37:28,60,2762,3,127,12.642879,0,198
8,31/05/2024 12:38:28,60,3165,3,143,12.470173,0,194
8,31/05/2024 12:39:28,60,2835,2,198,12.667012,0,128
8,31/05/2024 12:40:28,60,2679,3,88,12.143025,0,241
8,31/05/2024 12:41:28,60,2416,3,69,12.263515,0,111
8,31/05/2024 12:42:28,60,2642,3,100,12.709034,0,158
8,31/05/2024 12:43:28,60,3062,3,83,12.1091795,0,152
8,31/05/2024 12:44:28,60,3146,3,320,12.36414,0,178
8,31/05/2024 12:45:28,60,2705,3,397,13.339679,0,130
8,31/05/2024 12:46:29,60,2225,3,2198,79.174934,2,133
8,31/05/2024 12:47:29,60,2779,1,7387,240.70726,67,202
8,31/05/2024 12:48:29,60,3128,3,119,12.060348,0,234
8,31/05/2024 12:49:29,60,2762,3,233,12.660805,0,104
8,31/05/2024 12:50:29,60,2509,3,119,12.488089,0,106
8,31/05/2024 12:51:29,60,2223,3,109,12.553573,0,149
8,31/05/2024 12:52:29,60,2628,3,228,12.633708,0,212
8,31/05/2024 12:53:29,60,3025,3,147,12.010682,0,111
8,31/05/2024 12:54:29,60,2823,3,266,12.429646,0,204
8,31/05/2024 12:55:29,60,2426,3,147,12.467026,0,119
8,31/05/2024 12:56:30,60,2654,3,68,12.265146,0,207
8,31/05/2024 12:57:30,60,2587,3,132,12.36318,0,202
8,31/05/2024 12:58:30,60,2524,3,97,12.517239,0,123
8,31/05/2024 12:59:30,60,2648,1,244,13.058057,0,162
8,31/05/2024 13:00:30,60,2595,3,578,14.712398,0,189
8,31/05/2024 13:01:30,60,2260,2,1610,41.32183,0,133
8,31/05/2024 13:02:30,60,2399,1,4766,206.94485,3,177
8,31/05/2024 13:03:30,60,2689,3,1067,20.723581,0,173
8,31/05/2024 13:04:30,60,2548,3,236,12.889238,0,182
8,31/05/2024 13:05:30,60,2432,3,127,12.433632,0,110
8,31/05/2024 13:06:31,60,2115,3,88,12.457074,0,132
8,31/05/2024 13:07:31,60,2527,3,108,12.529037,0,171
8,31/05/2024 13:08:31,60,2669,3,127,12.449243,0,184
8,31/05/2024 13:09:31,60,2507,3,96,11.912843,0,120
8,31/05/2024 13:10:31,60,2299,3,225,12.723664,0,206
8,31/05/2024 13:11:31,60,2127,3,73,12.220315,0,121
8,31/05/2024 13:12:31,60,2535,2,151,12.019963,0,210
8,31/05/2024 13:13:31,60,2560,3,164,12.624656,0,118
8,31/05/2024 13:14:31,60,2511,3,170,12.665452,0,115
8,31/05/2024 13:15:31,60,2302,3,390,14.533652,0,169
8,31/05/2024 13:16:31,60,2238,0,4885,76.68569,8,195
8,31/05/2024 13:17:32,60,2409,0,9178,592.828,281,86
8,31/05/2024 13:18:32,60,2567,3,66,12.420961,0,261
8,31/05/2024 13:19:32,60,2367,3,133,13.112105,0,125
8,31/05/2024 13:20:32,60,2543,3,116,13.001198,0,204
8,31/05/2024 13:21:32,60,2181,4,113,12.097121,0,126
8,31/05/2024 13:22:32,60,2187,3,123,12.814561,0,147
8,31/05/2024 13:23:32,60,2473,2,110,12.919392,0,132
8,31/05/2024 13:24:32,60,2627,2,244,13.404159,0,194
8,31/05/2024 13:25:32,60,2303,3,96,12.307088,0,114
8,31/05/2024 13:26:32,60,2202,3,138,12.729745,0,175
8,31/05/2024 13:27:32,60,2189,2,104,12.474998,0,155
8,31/05/2024 13:28:32,60,2509,3,103,12.761297,0,193
8,31/05/2024 13:29:32,60,2482,3,113,12.200241,0,117
8,31/05/2024 13:30:32,60,2328,3,318,13.291127,0,122
8,31/05/2024 13:31:32,60,2060,1,2294,104.706566,0,140
8,31/05/2024 13:32:33,60,2638,4,2748,127.20596,0,211
8,31/05/2024 13:33:33,60,2272,0,275,12.229603,0,106
8,31/05/2024 13:34:33,60,2396,3,269,13.231191,0,208
8,31/05/2024 13:35:33,60,2250,3,158,12.349395,0,121
8,31/05/2024 13:36:33,60,2255,3,292,13.023813,0,199
8,31/05/2024 13:37:33,60,2416,2,408,12.854576,0,172
8,31/05/2024 13:38:33,60,2483,3,96,12.397066,0,138
8,31/05/2024 13:39:33,60,2301,3,125,12.297535,0,141
8,31/05/2024 13:40:33,60,2320,3,123,13.179837,0,177
8,31/05/2024 13:41:33,60,2064,3,91,12.618482,0,134
8,31/05/2024 13:42:33,60,2227,2,115,12.7979,0,248
8,31/05/2024 13:43:33,60,2341,3,87,12.652249,0,136
8,31/05/2024 13:44:33,60,2473,3,244,12.767175,0,186
8,31/05/2024 13:45:33,60,2164,3,333,14.238984,0,127
8,31/05/2024 13:46:34,60,2050,1,3457,124.002014,3,132
8,31/05/2024 13:47:34,60,2382,0,4995,323.9784,68,244
8,31/05/2024 13:48:34,60,2553,3,172,12.32924,0,169
8,31/05/2024 13:49:34,60,2495,1,96,12.069776,0,145
8,31/05/2024 13:50:34,60,2187,3,86,12.361148,0,199
8,31/05/2024 13:51:34,60,2036,3,188,12.319884,0,137
8,31/05/2024 13:52:34,60,2364,3,106,12.373445,0,233
8,31/05/2024 13:53:34,60,2438,3,282,12.689365,1,128
8,31/05/2024 13:54:34,60,2234,3,68,12.860711,0,135
8,31/05/2024 13:55:34,60,2182,3,99,12.959124,0,135
8,31/05/2024 13:56:34,60,2292,3,164,12.451612,0,188
8,31/05/2024 13:57:34,60,2229,3,154,12.628013,0,173
8,31/05/2024 13:58:34,60,2315,3,95,12.610499,0,198
8,31/05/2024 13:59:34,60,2357,3,134,12.452747,0,157
8,31/05/2024 14:00:35,60,2307,3,458,13.352502,0,139
8,31/05/2024 14:01:35,60,1947,4,1569,59.841946,0,120
8,31/05/2024 14:02:35,60,2308,4,4782,132.46751,9,166
8,31/05/2024 14:03:35,60,2349,3,81,11.892237,0,182
8,31/05/2024 14:04:35,60,2283,1,125,12.17347,0,175
8,31/05/2024 14:05:35,60,2232,3,89,11.940051,0,114
8,31/05/2024 14:06:35,60,1949,3,161,12.475771,0,169
8,31/05/2024 14:07:35,60,2253,3,128,11.593523,0,170
8,31/05/2024 14:08:35,60,2463,3,153,11.974525,0,197
8,31/05/2024 14:09:35,60,2308,2,176,12.140916,0,163
8,31/05/2024 14:10:35,60,2127,3,111,12.51668,0,121
8,31/05/2024 14:11:35,60,1998,3,79,12.282888,0,133
8,31/05/2024 14:12:35,60,2514,3,160,12.07407,0,212
8,31/05/2024 14:13:35,60,2359,3,282,11.69085,0,119
8,31/05/2024 14:14:35,60,2351,3,247,11.745897,0,203
8,31/05/2024 14:15:35,60,2094,2,473,13.286679,0,122
8,31/05/2024 14:16:36,60,2136,3,3285,107.54938,1,181
8,31/05/2024 14:17:36,60,2415,2,8222,255.02527,38,120
8,31/05/2024 14:18:36,60,2335,2,229,12.146578,1,134
8,31/05/2024 14:19:36,60,2329,2,173,12.737392,0,207
8,31/05/2024 14:20:36,60,2431,3,766,18.328241,0,186
8,31/05/2024 14:21:36,60,1979,2,77,12.252948,0,143
8,31/05/2024 14:22:36,60,2373,2,129,12.258519,0,227
8,31/05/2024 14:23:36,60,2366,3,88,11.982878,0,134
8,31/05/2024 14:24:36,60,2470,3,288,12.970495,0,233
8,31/05/2024 14:25:36,60,2370,3,92,11.764524,0,129
8,31/05/2024 14:26:36,60,2039,3,97,12.179102,0,120
8,31/05/2024 14:27:36,60,2272,3,218,11.876502,0,166
8,31/05/2024 14:28:36,60,2507,3,117,11.85224,0,198
8,31/05/2024 14:29:36,60,2426,3,256,12.270041,0,136
8,31/05/2024 14:30:36,60,2260,3,93,12.419995,0,219
8,31/05/2024 14:31:37,60,2054,3,2106,69.14321,0,127
8,31/05/2024 14:32:37,60,2589,1,5752,167.0377,7,195
8,31/05/2024 14:33:37,60,2370,3,91,12.264531,0,135
8,31/05/2024 14:34:37,60,2239,3,263,12.566517,0,128
8,31/05/2024 14:35:37,60,2275,3,190,12.305442,0,187
8,31/05/2024 14:36:37,60,2314,3,127,12.126089,0,184
8,31/05/2024 14:37:37,60,2432,3,161,11.857618,0,161
8,31/05/2024 14:38:37,60,2564,3,112,12.298224,0,205
8,31/05/2024 14:39:37,60,2311,3,126,12.285708,0,136
8,31/05/2024 14:40:37,60,2410,3,153,12.569748,0,171
8,31/05/2024 14:41:37,60,2166,3,101,12.080523,0,143
8,31/05/2024 14:42:37,60,2497,2,71,12.017814,0,194
8,31/05/2024 14:43:37,60,2607,2,115,12.182776,0,131
8,31/05/2024 14:44:37,60,2679,3,116,12.189865,0,188
8,31/05/2024 14:45:37,60,2198,3,115,12.496998,0,136
8,31/05/2024 14:46:37,60,2331,3,1105,28.877056,0,227
8,31/05/2024 14:47:37,60,2552,1,1838,104.4926,0,141
8,31/05/2024 14:48:37,60,2919,1,119,11.826924,0,177
8,31/05/2024 14:49:37,60,2501,3,287,12.12905,0,132
8,31/05/2024 14:50:37,60,2345,3,123,12.620034,0,118
8,31/05/2024 14:51:37,60,2253,2,93,11.984251,0,183
8,31/05/2024 14:52:37,60,2726,3,206,12.002231,0,188
8,31/05/2024 14:53:38,60,2795,3,109,11.763198,0,125
8,31/05/2024 14:54:38,60,2632,3,78,12.368421,0,193
8,31/05/2024 14:55:38,60,2402,3,75,12.209096,0,118
8,31/05/2024 14:56:38,60,2571,3,140,12.242808,0,189
8,31/05/2024 14:57:38,60,2554,3,244,11.756442,0,158
8,31/05/2024 14:58:38,60,2729,3,206,12.332216,0,133
8,31/05/2024 14:59:38,60,2650,3,212,12.298475,0,128
8,31/05/2024 15:00:38,60,2632,3,206,13.058408,0,149
8,31/05/2024 15:01:38,60,2345,2,1240,21.436972,0,124
8,31/05/2024 15:02:38,60,2693,2,1881,46.49243,1,190
8,31/05/2024 15:03:38,60,2666,3,134,12.480667,0,135
8,31/05/2024 15:04:38,60,2848,2,141,13.080169,0,160
8,31/05/2024 15:05:38,60,2729,3,195,12.053328,0,129
8,31/05/2024 15:06:38,60,2361,3,189,13.098677,0,134
8,31/05/2024 15:07:38,60,2840,1,177,12.303194,0,172
8,31/05/2024 15:08:38,60,2952,3,89,11.813892,0,175
8,31/05/2024 15:09:38,60,2691,3,112,12.33997,0,134
8,31/05/2024 15:10:38,60,2683,3,106,12.163206,0,221
8,31/05/2024 15:11:38,60,2345,3,142,11.742544,0,128
8,31/05/2024 15:12:38,60,2856,2,95,11.7294035,0,188
8,31/05/2024 15:13:38,60,3067,3,113,11.906186,0,109
8,31/05/2024 15:14:38,60,2947,3,244,12.442917,0,154
8,31/05/2024 15:15:38,60,2599,3,244,12.5819435,0,123
8,31/05/2024 15:16:39,60,2635,3,133,12.147356,0,185
8,31/05/2024 15:17:39,60,3007,3,214,12.608463,0,147
8,31/05/2024 15:18:39,60,3023,3,123,12.116274,0,112
8,31/05/2024 15:19:39,60,3003,3,233,13.250591,0,205
8,31/05/2024 15:20:39,60,3020,2,121,12.486791,0,136
8,31/05/2024 15:21:39,60,2504,3,98,11.991924,0,122
8,31/05/2024 15:22:39,60,2779,3,100,12.657332,0,129
8,31/05/2024 15:23:39,60,3305,3,157,12.287551,0,176
8,31/05/2024 15:24:39,60,3317,3,254,12.941917,0,186
8,31/05/2024 15:25:39,60,2666,2,150,12.083099,0,129
8,31/05/2024 15:26:39,60,2587,3,222,12.343378,0,226
8,31/05/2024 15:27:39,60,2768,3,176,12.563341,0,146
8,31/05/2024 15:28:39,60,3140,3,115,12.499191,0,204
8,31/05/2024 15:29:39,60,3089,1,117,12.274594,2,114
8,31/05/2024 15:30:39,60,2865,3,554,13.798934,0,127
8,31/05/2024 15:31:39,60,2527,4,191,12.839468,0,132
8,31/05/2024 15:32:39,60,3286,3,872,19.32083,0,142
8,31/05/2024 15:33:39,60,2959,1,69,12.371798,0,140
8,31/05/2024 15:34:39,60,2973,3,483,14.29426,0,183
8,31/05/2024 15:35:39,60,2803,3,162,12.419974,0,121
8,31/05/2024 15:36:39,60,2848,3,176,12.45265,0,196
8,31/05/2024 15:37:39,60,3223,3,146,12.546503,0,119
8,31/05/2024 15:38:39,60,2976,3,114,12.168036,0,141
8,31/05/2024 15:39:40,60,2870,3,209,13.332635,0,210
8,31/05/2024 15:40:40,60,2980,3,165,13.211793,0,171
8,31/05/2024 15:41:40,60,2686,3,125,12.2658205,0,113
8,31/05/2024 15:42:40,60,3247,3,131,12.6248,0,211
8,31/05/2024 15:43:40,60,3156,3,71,12.556131,0,125
8,31/05/2024 15:44:40,60,3279,3,267,13.042152,0,146
8,31/05/2024 15:45:40,60,2857,3,456,14.017336,0,118
8,31/05/2024 15:46:40,60,2577,3,212,12.626372,0,132
8,31/05/2024 15:47:40,60,3296,3,447,15.276086,0,149
8,31/05/2024 15:48:40,60,3567,3,99,12.533223,0,135
8,31/05/2024 15:49:40,60,3376,3,343,13.079193,0,125
8,31/05/2024 15:50:40,60,3002,3,180,12.164817,0,247
8,31/05/2024 15:51:40,60,2580,3,145,12.125436,0,121
8,31/05/2024 15:52:40,60,3418,3,236,12.642861,0,152
8,31/05/2024 15:53:40,60,3590,3,225,12.491845,0,126
8,31/05/2024 15:54:40,60,3007,3,192,13.462724,0,135
8,31/05/2024 15:55:40,60,2861,2,88,12.902898,0,164
8,31/05/2024 15:56:40,60,3047,1,116,11.942,0,168
8,31/05/2024 15:57:40,60,3400,3,115,12.485754,0,142
8,31/05/2024 15:58:40,60,3469,3,184,12.813656,0,211
8,31/05/2024 15:59:40,60,3294,3,124,12.281775,0,132
8,31/05/2024 16:00:40,60,3204,3,535,14.234402,0,198
8,31/05/2024 16:01:40,60,2780,2,221,12.737452,0,115
8,31/05/2024 16:02:40,60,3635,2,480,16.644037,0,168
8,31/05/2024 16:03:41,60,3374,3,140,12.888459,0,138
8,31/05/2024 16:04:41,60,3360,2,136,12.5717745,0,160
8,31/05/2024 16:05:41,60,3175,3,91,12.007315,0,108
8,31/05/2024 16:06:41,60,3019,3,173,12.286955,0,217
8,31/05/2024 16:07:41,60,3432,3,152,12.439741,0,125
8,31/05/2024 16:08:41,60,3921,3,223,12.667174,0,218
8,31/05/2024 16:09:41,60,3370,1,223,12.63753,0,133
8,31/05/2024 16:10:41,60,3018,3,98,12.307468,0,148
8,31/05/2024 16:11:41,60,2795,2,154,12.394573,0,179
8,31/05/2024 16:12:41,60,3937,3,124,13.142049,0,182
8,31/05/2024 16:13:41,60,3880,3,200,12.730721,0,139
8,31/05/2024 16:14:41,60,3182,3,264,14.021568,0,203
8,31/05/2024 16:15:41,60,2917,3,327,14.95012,0,123
8,31/05/2024 16:16:41,60,2946,1,416,14.979767,0,158
8,31/05/2024 16:17:41,60,3706,3,583,16.688364,0,143
8,31/05/2024 16:18:41,60,3675,2,136,13.167031,0,136
8,31/05/2024 16:19:41,60,3054,2,144,14.103833,0,143
8,31/05/2024 16:20:41,60,3416,2,182,13.306462,0,219
8,31/05/2024 16:21:41,60,3100,3,96,12.669493,0,126
8,31/05/2024 16:22:41,60,3416,3,153,13.583576,0,218
8,31/05/2024 16:23:41,60,3659,3,147,13.580323,0,122
8,31/05/2024 16:24:41,60,3648,3,163,13.64548,0,211
8,31/05/2024 16:25:42,60,3451,2,271,12.943312,0,116
8,31/05/2024 16:26:42,60,3047,3,109,12.787527,0,135
8,31/05/2024 16:27:42,60,3623,3,121,13.880873,0,191
8,31/05/2024 16:28:42,60,3901,3,91,13.193182,0,192
8,31/05/2024 16:29:42,60,3717,3,213,13.942521,0,127
8,31/05/2024 16:30:42,60,3446,3,981,16.175642,0,243
8,31/05/2024 16:31:42,60,2955,3,366,13.928203,0,137
8,31/05/2024 16:32:42,60,3963,2,935,19.320059,0,203
8,31/05/2024 16:33:42,60,3957,1,82,13.161663,0,130
8,31/05/2024 16:34:42,60,3262,2,170,13.810028,0,136
8,31/05/2024 16:35:42,60,3304,3,129,13.988699,0,155
8,31/05/2024 16:36:42,60,3424,3,136,13.166421,0,165
8,31/05/2024 16:37:42,60,4052,2,182,13.4712925,0,166
8,31/05/2024 16:38:42,60,3977,3,131,13.237397,0,249
8,31/05/2024 16:39:42,60,3381,3,274,14.051315,0,149
8,31/05/2024 16:40:42,60,3293,3,164,14.272979,0,184
8,31/05/2024 16:41:42,60,3257,3,181,12.93183,0,127
8,31/05/2024 16:42:42,60,3926,2,203,13.828544,0,154
8,31/05/2024 16:43:42,60,3765,1,120,13.605992,0,161
8,31/05/2024 16:44:42,60,3551,3,303,13.848954,0,212
8,31/05/2024 16:45:42,60,3142,3,685,17.085499,0,144
8,31/05/2024 16:46:42,60,2979,3,159,13.7616205,0,207
8,31/05/2024 16:47:43,60,3677,3,1020,18.602192,0,145
8,31/05/2024 16:48:43,60,4256,3,314,14.405016,0,249
8,31/05/2024 16:49:43,60,3788,3,416,16.732574,0,123
8,31/05/2024 16:50:43,60,3236,3,145,14.947598,0,168
8,31/05/2024 16:51:43,60,2972,3,129,13.504587,0,141
8,31/05/2024 16:52:43,60,4080,2,142,13.665021,0,194
8,31/05/2024 16:53:43,60,4114,1,313,13.722087,0,151
8,31/05/2024 16:54:43,60,3651,1,148,13.960243,0,201
8,31/05/2024 16:55:43,60,3070,3,221,13.963169,0,136
8,31/05/2024 16:56:43,60,3257,2,137,13.460487,0,202
8,31/05/2024 16:57:43,60,4207,3,203,13.760356,0,159
8,31/05/2024 16:58:43,60,3889,2,138,13.728759,0,154
8,31/05/2024 16:59:43,60,3512,3,218,15.2291155,0,189
8,31/05/2024 17:00:43,60,3701,3,450,17.378902,0,163
8,31/05/2024 17:01:43,60,3382,3,307,14.15036,0,135
8,31/05/2024 17:02:43,60,4381,2,836,18.050299,0,232
8,31/05/2024 17:03:43,60,3749,1,123,14.207256,0,138
8,31/05/2024 17:04:43,60,3891,3,256,14.954417,0,212
8,31/05/2024 17:05:43,60,3480,3,221,13.728698,0,135
8,31/05/2024 17:06:43,60,3384,2,227,13.809838,0,165
8,31/05/2024 17:07:43,60,4029,2,105,14.010497,0,149
8,31/05/2024 17:08:44,60,4035,2,210,13.541072,0,120
8,31/05/2024 17:09:44,60,4039,2,343,14.855075,0,216
8,31/05/2024 17:10:44,60,3578,3,132,15.330518,0,216
8,31/05/2024 17:11:44,60,3164,3,120,13.686765,0,138
8,31/05/2024 17:12:44,60,4420,2,164,14.115941,0,169
8,31/05/2024 17:13:44,60,4424,3,297,13.921724,0,138
8,31/05/2024 17:14:44,60,3617,2,284,14.136016,0,129
8,31/05/2024 17:15:44,60,3610,2,548,16.627077,0,189
8,31/05/2024 17:16:44,60,3546,3,431,15.308874,0,188
8,31/05/2024 17:17:44,60,4586,3,1221,20.850555,0,152
8,31/05/2024 17:18:44,60,4253,3,119,14.334518,0,131
8,31/05/2024 17:19:44,60,3568,3,294,15.775581,0,221
8,31/05/2024 17:20:44,60,3643,3,159,16.060045,0,220
8,31/05/2024 17:21:44,60,3477,3,105,13.656619,0,125
8,31/05/2024 17:22:44,60,4143,3,289,14.903502,0,169
8,31/05/2024 17:23:44,60,4097,3,106,14.308335,0,183
8,31/05/2024 17:24:44,60,3866,3,124,13.96585,0,179
8,31/05/2024 17:25:44,60,3838,3,98,13.60987,0,146
8,31/05/2024 17:26:44,60,3477,2,199,13.553368,0,246
8,31/05/2024 17:27:44,60,4176,2,298,14.234922,0,181
8,31/05/2024 17:28:44,60,4295,3,241,14.240562,0,240
8,31/05/2024 17:29:45,60,4090,3,113,14.773455,0,149
8,31/05/2024 17:30:45,60,3787,3,618,17.364843,0,197
8,31/05/2024 17:31:45,60,3278,3,301,14.2047415,0,109
8,31/05/2024 17:32:45,60,4529,3,1199,20.433865,0,263
8,31/05/2024 17:33:45,60,4667,3,231,14.029322,0,170
8,31/05/2024 17:34:45,60,3826,1,300,14.446407,0,205
8,31/05/2024 17:35:45,60,3286,3,177,14.676599,0,154
8,31/05/2024 17:36:45,60,3613,3,237,14.220703,0,179
8,31/05/2024 17:37:45,60,4648,3,162,13.713797,0,143
8,31/05/2024 17:38:45,60,4406,3,187,13.736973,0,162
8,31/05/2024 17:39:45,60,3677,3,199,15.811626,0,145
8,31/05/2024 17:40:45,60,3938,2,116,15.031466,0,210
8,31/05/2024 17:41:45,60,3617,3,127,13.3801565,0,165
8,31/05/2024 17:42:45,60,4671,2,203,13.843778,0,244
8,31/05/2024 17:43:45,60,4407,3,163,14.313688,0,164
8,31/05/2024 17:44:45,60,4022,3,193,14.282244,0,210
8,31/05/2024 17:45:45,60,3965,2,742,19.33864,0,131
8,31/05/2024 17:46:45,60,3552,3,321,14.316011,0,209
8,31/05/2024 17:47:45,60,4530,3,1094,19.667572,0,176
8,31/05/2024 17:48:45,60,4823,3,264,13.949729,0,223
8,31/05/2024 17:49:45,60,4324,3,309,15.393248,0,125
8,31/05/2024 17:50:45,60,3966,2,165,14.85747,0,255
8,31/05/2024 17:51:45,60,3369,3,167,13.882597,0,141
8,31/05/2024 17:52:46,60,4587,3,132,13.899741,0,128
8,31/05/2024 17:53:46,60,4857,3,279,14.006215,0,284
8,31/05/2024 17:54:46,60,4157,3,246,14.621756,0,163
8,31/05/2024 17:55:46,60,3669,3,124,14.080496,0,136
8,31/05/2024 17:56:46,60,3694,3,137,14.056208,0,174
8,31/05/2024 17:57:46,60,4993,2,187,13.979457,1,174
8,31/05/2024 17:58:46,60,4523,2,219,13.722672,0,226
8,31/05/2024 17:59:46,60,4042,3,221,15.452031,0,181
8,31/05/2024 18:00:46,60,4129,2,549,16.132454,0,174
8,31/05/2024 18:01:46,60,3776,2,365,13.947142,0,133
8,31/05/2024 18:02:46,60,4653,1,1096,24.354315,0,176
8,31/05/2024 18:03:46,60,4372,3,294,15.020259,0,213
8,31/05/2024 18:04:46,60,4367,3,204,15.123555,0,173
8,31/05/2024 18:05:46,60,3962,3,211,13.825787,0,137
8,31/05/2024 18:06:46,60,3674,3,156,13.561747,0,225
8,31/05/2024 18:07:46,60,4821,3,161,14.017738,0,183
8,31/05/2024 18:08:46,60,4736,3,228,13.940295,0,233
8,31/05/2024 18:09:46,60,4293,3,241,16.388716,0,143
8,31/05/2024 18:10:46,60,3832,3,202,15.514209,0,190
8,31/05/2024 18:11:46,60,3371,3,119,13.519148,0,138
8,31/05/2024 18:12:46,60,4837,3,247,14.691975,0,248
8,31/05/2024 18:13:47,60,4993,3,275,14.021962,0,174
8,31/05/2024 18:14:47,60,4215,3,266,14.599285,0,262
8,31/05/2024 18:15:47,60,3629,1,515,16.00971,0,140
8,31/05/2024 18:16:47,60,3785,0,4173,78.729355,24,225
8,31/05/2024 18:17:47,60,4851,3,303,14.826592,0,165
8,31/05/2024 18:18:47,60,4901,3,266,15.7811985,0,176
8,31/05/2024 18:19:47,60,4042,3,286,17.743345,0,176
8,31/05/2024 18:20:47,60,4111,3,253,17.657938,0,215
8,31/05/2024 18:21:47,60,3860,3,212,19.657442,0,139
8,31/05/2024 18:22:47,60,4595,3,376,20.560032,0,241
8,31/05/2024 18:23:47,60,4646,1,255,20.09094,0,180
8,31/05/2024 18:24:47,60,4340,2,340,18.228558,0,199
8,31/05/2024 18:25:47,60,4000,2,317,18.945091,0,135
8,31/05/2024 18:26:47,60,3563,2,527,17.211086,0,147
8,31/05/2024 18:27:47,60,4617,1,602,20.581303,0,237
8,31/05/2024 18:28:47,60,4969,3,156,18.807034,0,260
8,31/05/2024 18:29:47,60,4513,3,487,18.507946,0,129
8,31/05/2024 18:30:47,60,4190,1,267,18.111732,1,254
8,31/05/2024 18:31:47,60,3651,3,198,17.391184,0,130
8,31/05/2024 18:32:48,60,5057,2,261,18.269415,1,238
8,31/05/2024 18:33:48,60,4720,1,7587,174.65602,167,120
8,31/05/2024 18:34:48,60,2725,0,32909,766.5366,3821,154
8,31/05/2024 18:35:49,60,3945,0,23484,963.889,1740,331
8,31/05/2024 18:36:50,60,2711,0,28584,824.56903,4576,150
8,31/05/2024 18:37:50,60,3548,0,29740,992.11755,5402,207
8,31/05/2024 18:38:51,60,4961,0,12363,872.7734,2273,302
8,31/05/2024 18:39:51,60,4710,0,9902,577.76666,1368,214
8,31/05/2024 18:40:51,60,3757,0,9144,625.7432,685,81
8,31/05/2024 18:41:52,60,3905,0,9675,842.04675,871,128
8,31/05/2024 18:42:52,60,2641,0,29736,883.3058,5032,114
8,31/05/2024 18:43:53,60,2527,0,48019,1190.8479,5901,263
8,31/05/2024 18:44:54,60,2557,0,50053,1113.7594,6313,245
8,31/05/2024 18:45:55,60,2613,0,64130,1071.0706,6496,436
8,31/05/2024 18:46:55,60,2455,0,72979,1696.4974,5141,325
8,31/05/2024 18:47:56,60,2560,0,81962,1453.5844,5203,220
8,31/05/2024 18:48:57,60,2704,0,79195,1559.8667,5991,158
8,31/05/2024 18:49:57,60,2570,0,92682,2019.2717,4220,213
8,31/05/2024 18:50:58,60,2264,0,80165,1551.8138,2845,134
8,31/05/2024 18:51:59,60,2411,0,52047,1298.1693,2734,156
8,31/05/2024 18:53:00,60,3637,0,40480,902.31525,1162,219
8,31/05/2024 18:54:00,60,4326,0,5350,541.21375,230,185
8,31/05/2024 18:55:00,60,3763,1,7403,484.85556,139,191
8,31/05/2024 18:56:01,60,3563,1,4762,105.871506,5,410
8,31/05/2024 18:57:01,60,3973,2,1352,57.11233,1,448
8,31/05/2024 18:58:02,60,3621,0,8855,766.1883,1270,138
8,31/05/2024 18:59:02,60,2993,0,20560,906.975,3196,218
8,31/05/2024 19:00:03,60,3666,0,11086,973.06116,2429,245
8,31/05/2024 19:01:03,60,4305,1,9896,125.24091,150,389
8,31/05/2024 19:02:03,60,4117,2,346,13.623935,0,405
8,31/05/2024 19:03:03,60,3881,0,8102,310.99493,631,243
8,31/05/2024 19:04:04,60,3240,0,18637,863.35925,2307,246
8,31/05/2024 19:05:05,60,3281,0,20256,771.8126,1320,97
8,31/05/2024 19:06:05,60,4132,0,12276,731.203,906,196
8,31/05/2024 19:07:05,60,3839,3,310,12.684688,0,254
8,31/05/2024 19:08:05,60,3999,3,94,12.526193,0,171
8,31/05/2024 19:09:05,60,3813,3,208,12.599898,0,234
8,31/05/2024 19:10:05,60,3563,3,117,12.602042,0,162
8,31/05/2024 19:11:05,60,3293,3,105,13.072942,0,225
8,31/05/2024 19:12:05,60,3497,1,107,12.002016,0,171
8,31/05/2024 19:13:05,60,4370,3,119,12.251092,0,222
8,31/05/2024 19:14:05,60,3646,2,237,12.4441395,0,149
8,31/05/2024 19:15:05,60,3182,3,144,13.000948,0,163
8,31/05/2024 19:16:05,60,3406,1,460,14.185673,0,121
8,31/05/2024 19:17:05,60,3729,3,328,12.726757,0,213
8,31/05/2024 19:18:05,60,4055,2,474,14.790309,0,147
8,31/05/2024 19:19:05,60,3565,3,93,12.3487,0,209
8,31/05/2024 19:20:05,60,3238,3,149,12.421936,0,175
8,31/05/2024 19:21:05,60,3693,1,166,12.792516,0,229
8,31/05/2024 19:22:06,60,3670,3,104,11.7206,0,150
8,31/05/2024 19:23:06,60,3617,3,110,12.104792,0,213
8,31/05/2024 19:24:06,60,3391,1,6544,198.8001,28,118
8,31/05/2024 19:25:06,60,3749,1,8806,506.05005,284,154
8,31/05/2024 19:26:07,60,3629,1,3857,309.29996,45,172
8,31/05/2024 19:27:07,60,3719,1,6023,56.19367,12,240
8,31/05/2024 19:28:07,60,3427,3,147,12.55503,0,147
8,31/05/2024 19:29:07,60,3535,3,318,13.679689,0,207
8,31/05/2024 19:30:07,60,3434,1,291,13.224148,0,129
8,31/05/2024 19:31:07,60,3453,3,589,15.835822,0,145
8,31/05/2024 19:32:08,60,3518,3,421,13.243052,0,197
8,31/05/2024 19:33:08,60,3851,3,1024,15.5112295,0,238
8,31/05/2024 19:34:08,60,3414,3,229,13.063241,0,131
8,31/05/2024 19:35:08,60,3190,3,94,12.455378,0,249
8,31/05/2024 19:36:08,60,3306,3,202,13.134876,0,156
8,31/05/2024 19:37:08,60,3373,1,6906,594.361,688,247
8,31/05/2024 19:38:08,60,4037,0,12031,713.23126,1243,176
8,31/05/2024 19:39:08,60,3244,4,1803,34.4027,0,200
8,31/05/2024 19:40:09,60,3034,3,238,14.060564,0,174
8,31/05/2024 19:41:09,60,3252,2,112,12.517222,0,173
8,31/05/2024 19:42:09,60,3471,3,180,12.139499,0,200
8,31/05/2024 19:43:09,60,3456,3,121,12.011684,0,245
8,31/05/2024 19:44:09,60,2981,3,107,12.626352,0,123
8,31/05/2024 19:45:09,60,3203,3,275,12.66099,0,211
8,31/05/2024 19:46:09,60,3254,1,623,13.508372,0,128
8,31/05/2024 19:47:09,60,3157,2,357,13.187718,1,227
8,31/05/2024 19:48:09,60,3376,2,914,19.673426,0,131
8,31/05/2024 19:49:09,60,3418,3,264,12.673645,0,213
8,31/05/2024 19:50:09,60,2936,3,1931,34.54062,0,126
8,31/05/2024 19:51:10,60,2738,0,12678,857.2995,749,149
8,31/05/2024 19:52:11,60,3136,0,8198,625.70123,429,190
8,31/05/2024 19:53:11,60,3629,1,4330,90.369095,6,286
8,31/05/2024 19:54:11,60,3360,3,200,13.461716,0,126
8,31/05/2024 19:55:11,60,2991,1,321,13.296519,0,196
8,31/05/2024 19:56:11,60,2778,1,102,13.303135,0,117
8,31/05/2024 19:57:11,60,3397,3,92,13.158256,0,288
8,31/05/2024 19:58:11,60,3196,3,202,13.117143,0,153
8,31/05/2024 19:59:11,60,3062,3,115,13.777702,0,198
8,31/05/2024 20:00:11,60,2639,3,379,14.766665,0,136
8,31/05/2024 20:01:11,60,3095,3,429,17.515327,0,195
8,31/05/2024 20:02:11,60,3006,1,272,15.247314,0,186
8,31/05/2024 20:03:11,60,3192,3,1195,19.998108,0,173
8,31/05/2024 20:04:11,60,2574,3,142,13.729673,0,125
8,31/05/2024 20:05:11,60,2787,3,263,14.171858,0,216
8,31/05/2024 20:06:12,60,2954,1,4504,129.48979,14,129
8,31/05/2024 20:07:12,60,2859,0,7868,615.52527,498,200
8,31/05/2024 20:08:12,60,2762,3,187,12.966685,0,260
8,31/05/2024 20:09:12,60,2800,3,90,13.040782,0,192
8,31/05/2024 20:10:12,60,2589,3,131,12.469537,0,153
8,31/05/2024 20:11:12,60,2442,3,88,12.48881,0,200
8,31/05/2024 20:12:12,60,2631,3,104,12.126478,0,169
8,31/05/2024 20:13:12,60,2827,1,121,12.121152,0,199
8,31/05/2024 20:14:12,60,2472,4,290,12.345066,0,146
8,31/05/2024 20:15:13,60,2326,3,170,12.449918,0,244
8,31/05/2024 20:16:13,60,2430,3,460,16.361256,0,143
8,31/05/2024 20:17:13,60,2667,2,4636,175.7086,12,178
8,31/05/2024 20:18:13,60,2603,2,1056,20.631313,0,147
8,31/05/2024 20:19:13,60,2405,3,197,12.554531,0,154
8,31/05/2024 20:20:13,60,2174,3,112,12.433765,0,141
8,31/05/2024 20:21:13,60,2567,1,3772,141.67455,10,198
8,31/05/2024 20:22:13,60,2537,3,119,12.937008,0,176
8,31/05/2024 20:23:13,60,2550,3,150,12.636904,0,234
8,31/05/2024 20:24:13,60,2234,2,145,12.470046,0,128
8,31/05/2024 20:25:14,60,2370,3,99,12.732711,0,183
8,31/05/2024 20:26:14,60,2240,3,150,12.508605,0,116
8,31/05/2024 20:27:14,60,2462,1,126,12.455593,0,228
8,31/05/2024 20:28:14,60,2438,3,200,12.560814,0,211
8,31/05/2024 20:29:14,60,2488,3,132,12.999592,0,198
8,31/05/2024 20:30:14,60,2413,3,89,11.96727,0,198
8,31/05/2024 20:31:14,60,1943,4,619,13.687931,0,144
8,31/05/2024 20:32:14,60,2063,4,351,14.131272,0,160
8,31/05/2024 20:33:14,60,2424,1,3163,179.15813,3,269
8,31/05/2024 20:34:15,60,2313,1,4865,154.97498,5,135
8,31/05/2024 20:35:15,60,1928,3,154,13.099055,0,161
8,31/05/2024 20:36:15,60,1972,3,288,12.872364,0,141
8,31/05/2024 20:37:15,60,2375,3,97,12.032394,0,267
8,31/05/2024 20:38:15,60,2125,3,133,12.234849,0,187
8,31/05/2024 20:39:15,60,2147,3,138,12.014173,0,208
8,31/05/2024 20:40:15,60,2013,3,98,12.123487,0,145
8,31/05/2024 20:41:15,60,2128,3,129,12.32301,0,205
8,31/05/2024 20:42:15,60,2195,3,207,12.230023,0,154
8,31/05/2024 20:43:15,60,2195,3,102,12.130256,0,187
8,31/05/2024 20:44:15,60,1996,3,132,13.14337,0,189
8,31/05/2024 20:45:15,60,1978,3,164,12.850691,0,171
8,31/05/2024 20:46:15,60,2183,3,416,14.425462,0,170
8,31/05/2024 20:47:15,60,2070,3,323,13.081862,0,196
8,31/05/2024 20:48:15,60,1981,4,2889,100.00312,0,95
8,31/05/2024 20:49:15,60,2284,2,2130,73.773834,0,217
8,31/05/2024 20:50:15,60,1903,3,192,12.528029,0,119
8,31/05/2024 20:51:15,60,1806,4,120,12.91498,0,162
8,31/05/2024 20:52:15,60,1963,3,269,13.154089,0,144
8,31/05/2024 20:53:15,60,2316,1,261,12.813732,0,211
8,31/05/2024 20:54:15,60,2124,3,137,11.968475,0,141
8,31/05/2024 20:55:16,60,1820,3,72,11.232952,0,186
8,31/05/2024 20:56:16,60,1606,3,157,11.8967,0,157
8,31/05/2024 20:57:16,60,2037,2,105,10.785257,0,172
8,31/05/2024 20:58:16,60,2021,3,115,10.782523,0,113
8,31/05/2024 20:59:16,60,1769,1,121,11.585057,0,186
8,31/05/2024 21:00:16,60,1815,1,221,10.613102,0,131
8,31/05/2024 21:01:16,60,1827,2,93,10.575391,0,193
8,31/05/2024 21:02:16,60,1846,3,75,10.421798,0,146
8,31/05/2024 21:03:16,60,2075,3,78,11.208694,0,237
8,31/05/2024 21:04:16,60,1688,2,159,11.608195,0,145
8,31/05/2024 21:05:16,60,1897,3,192,10.662566,0,205
8,31/05/2024 21:06:16,60,1826,1,82,10.565149,0,122
8,31/05/2024 21:07:16,60,1774,3,64,10.596556,0,204
8,31/05/2024 21:08:16,60,1655,3,153,10.627919,0,127
8,31/05/2024 21:09:16,60,1955,3,141,10.747013,0,230
8,31/05/2024 21:10:16,60,1955,2,109,10.278958,0,175
8,31/05/2024 21:11:16,60,1609,2,89,10.635447,0,202
8,31/05/2024 21:12:16,60,1902,3,77,10.870795,0,223
8,31/05/2024 21:13:16,60,1912,3,99,10.700313,0,154
8,31/05/2024 21:14:16,60,1804,3,110,10.313244,0,133
8,31/05/2024 21:15:16,60,1625,3,58,10.80201,0,192
8,31/05/2024 21:16:16,60,1698,3,72,10.785969,0,181
8,31/05/2024 21:17:16,60,1715,3,58,10.021959,0,177
8,31/05/2024 21:18:16,60,1853,3,87,10.582292,0,135
8,31/05/2024 21:19:16,60,1721,3,110,10.675336,0,259
8,31/05/2024 21:20:17,60,1700,2,201,10.652089,0,178
8,31/05/2024 21:21:17,60,1616,1,148,11.100818,0,132
8,31/05/2024 21:22:17,60,1831,3,101,10.587674,0,154
8,31/05/2024 21:23:17,60,1660,3,153,10.36257,0,144
8,31/05/2024 21:24:17,60,1777,3,248,11.594738,0,132
8,31/05/2024 21:25:17,60,2048,3,119,10.245663,0,224
8,31/05/2024 21:26:17,60,1790,3,92,10.33899,0,179
8,31/05/2024 21:27:17,60,1650,3,67,10.333333,0,216
8,31/05/2024 21:28:17,60,1706,3,146,10.858419,0,130
8,31/05/2024 21:29:17,60,1845,3,70,10.161977,0,186
8,31/05/2024 21:30:17,60,1934,3,75,10.477963,0,120
8,31/05/2024 21:31:17,60,1573,3,76,10.736382,0,160
8,31/05/2024 21:32:17,60,1680,2,78,10.9345045,0,149
8,31/05/2024 21:33:17,60,1904,3,86,10.725353,0,174
8,31/05/2024 21:34:17,60,1812,2,165,11.344091,0,108
8,31/05/2024 21:35:17,60,1701,3,111,10.784448,0,212
8,31/05/2024 21:36:17,60,1791,3,161,10.519732,0,130
8,31/05/2024 21:37:17,60,1785,2,70,10.2307625,0,167
8,31/05/2024 21:38:17,60,1717,3,43,10.182346,0,124
8,31/05/2024 21:39:17,60,1606,3,126,10.960983,0,168
8,31/05/2024 21:40:17,60,1790,3,142,10.310766,0,185
8,31/05/2024 21:41:17,60,1633,3,57,10.038366,0,171
8,31/05/2024 21:42:17,60,1741,3,94,10.313803,0,139
8,31/05/2024 21:43:17,60,1665,3,69,10.5479355,0,223
8,31/05/2024 21:44:17,60,1731,3,74,10.587519,0,202
8,31/05/2024 21:45:18,60,1691,2,69,10.225221,0,140
8,31/05/2024 21:46:18,60,1695,2,103,10.336121,0,163
8,31/05/2024 21:47:18,60,1550,3,147,11.1278515,0,193
8,31/05/2024 21:48:18,60,1715,3,59,10.259137,0,150
8,31/05/2024 21:49:18,60,1809,2,109,10.281247,0,168
8,31/05/2024 21:50:18,60,1787,3,99,9.858194,0,187
8,31/05/2024 21:51:18,60,1529,4,135,10.867812,0,168
8,31/05/2024 21:52:18,60,1571,3,77,11.2041235,0,118
8,31/05/2024 21:53:18,60,1800,3,84,10.424894,0,172
8,31/05/2024 21:54:18,60,1763,2,154,10.888251,0,110
8,31/05/2024 21:55:18,60,1688,3,108,10.517361,0,179
8,31/05/2024 21:56:18,60,1622,3,83,10.763092,0,160
8,31/05/2024 21:57:18,60,1734,3,79,10.171714,0,184
8,31/05/2024 21:58:18,60,1723,3,89,10.213498,0,118
8,31/05/2024 21:59:18,60,1572,3,76,10.751925,0,219
8,31/05/2024 22:00:18,60,1777,2,92,10.619095,0,215
8,31/05/2024 22:01:18,60,1722,2,204,10.856386,0,175
8,31/05/2024 22:02:18,60,1595,3,82,10.534559,0,140
8,31/05/2024 22:03:18,60,1818,3,194,10.947832,0,202
8,31/05/2024 22:04:18,60,1698,3,94,10.577975,0,124
8,31/05/2024 22:05:18,60,1731,3,61,10.167339,0,172
8,31/05/2024 22:06:18,60,1554,3,102,11.3268175,0,142
8,31/05/2024 22:07:18,60,1716,3,176,10.428817,0,251
8,31/05/2024 22:08:18,60,1648,3,88,10.433756,0,164
8,31/05/2024 22:09:18,60,1585,3,68,10.780765,0,137
8,31/05/2024 22:10:18,60,1649,3,81,10.264863,0,121
8,31/05/2024 22:11:19,60,1439,3,82,10.682359,0,139
8,31/05/2024 22:12:19,60,1705,3,137,10.529339,0,217
8,31/05/2024 22:13:19,60,1630,3,65,10.129482,0,178
8,31/05/2024 22:14:19,60,1738,3,113,10.712793,0,185
8,31/05/2024 22:15:19,60,1496,3,55,10.575008,0,159
8,31/05/2024 22:16:19,60,1576,3,81,10.711174,0,122
8,31/05/2024 22:17:19,60,1613,3,141,10.568571,0,171
8,31/05/2024 22:18:19,60,1541,3,84,10.389372,0,112
8,31/05/2024 22:19:19,60,1572,3,106,10.465936,0,205
8,31/05/2024 22:20:19,60,1570,3,117,10.737121,0,160
8,31/05/2024 22:21:19,60,1525,3,72,10.2710495,0,125
8,31/05/2024 22:22:19,60,1511,3,81,10.704635,0,166
8,31/05/2024 22:23:19,60,1462,4,78,10.6099615,0,201
8,31/05/2024 22:24:19,60,1526,3,95,10.259287,0,155
8,31/05/2024 22:25:19,60,1721,3,63,10.598822,0,159
8,31/05/2024 22:26:19,60,1448,3,66,10.477633,0,122
8,31/05/2024 22:27:19,60,1430,3,130,10.922914,0,158
8,31/05/2024 22:28:19,60,1661,3,74,10.524643,0,197
8,31/05/2024 22:29:19,60,1601,3,113,10.2914915,0,125
8,31/05/2024 22:30:19,60,1629,2,117,10.565129,0,147
8,31/05/2024 22:31:19,60,1438,3,52,10.632656,0,169
8,31/05/2024 22:32:19,60,1565,2,76,10.678943,0,210
8,31/05/2024 22:33:19,60,1519,3,114,10.77963,0,123
8,31/05/2024 22:34:19,60,1572,3,140,10.871383,0,126
8,31/05/2024 22:35:20,60,1448,2,74,10.095046,0,192
8,31/05/2024 22:36:20,60,1588,3,78,10.531504,0,176
8,31/05/2024 22:37:20,60,1530,3,89,10.460685,0,139
8,31/05/2024 22:38:20,60,1544,3,92,10.130982,0,167
8,31/05/2024 22:39:20,60,1512,3,145,10.3598585,0,173
8,31/05/2024 22:40:20,60,1489,3,104,10.40217,0,166
8,31/05/2024 22:41:20,60,1430,3,65,9.970981,0,152
8,31/05/2024 22:42:20,60,1491,3,97,10.779517,0,143
8,31/05/2024 22:43:20,60,1436,3,56,10.133897,0,132
8,31/05/2024 22:44:20,60,1461,3,111,10.269216,0,187
8,31/05/2024 22:45:20,60,1424,3,74,10.155755,0,138
8,31/05/2024 22:46:20,60,1442,3,86,10.3015375,0,151
8,31/05/2024 22:47:20,60,1406,3,59,9.986311,0,226
8,31/05/2024 22:48:20,60,1422,3,72,10.140828,0,196
8,31/05/2024 22:49:20,60,1452,2,68,10.152025,0,144
8,31/05/2024 22:50:20,60,1403,3,47,9.832737,0,119
8,31/05/2024 22:51:20,60,1363,2,50,10.050561,0,223
8,31/05/2024 22:52:20,60,1404,3,116,10.232702,0,165
8,31/05/2024 22:53:20,60,1401,2,83,10.259583,0,200
8,31/05/2024 22:54:20,60,1559,3,169,10.562535,0,175
8,31/05/2024 22:55:20,60,1323,3,122,10.094254,0,130
8,31/05/2024 22:56:20,60,1250,3,88,10.33955,0,148
8,31/05/2024 22:57:20,60,1427,3,53,10.044003,0,195
8,31/05/2024 22:58:20,60,1302,3,48,10.087092,0,109
8,31/05/2024 22:59:20,60,1261,3,103,10.778763,0,165
8,31/05/2024 23:00:21,60,1333,3,78,10.127566,0,175
8,31/05/2024 23:01:21,60,1305,2,65,10.536909,0,154
8,31/05/2024 23:02:21,60,1358,2,58,10.540237,0,149
8,31/05/2024 23:03:21,60,1362,3,149,10.45461,0,198
8,31/05/2024 23:04:21,60,1346,3,87,10.487976,0,225
8,31/05/2024 23:05:21,60,1283,2,64,10.05928,0,113
8,31/05/2024 23:06:21,60,1225,2,48,10.473111,0,112
8,31/05/2024 23:07:21,60,1265,2,57,10.526059,0,187
8,31/05/2024 23:08:21,60,1208,3,65,9.776001,0,178
8,31/05/2024 23:09:21,60,1300,3,72,9.975826,0,121
8,31/05/2024 23:10:21,60,1342,2,72,9.672695,0,188
8,31/05/2024 23:11:21,60,988,3,74,10.411342,0,119
8,31/05/2024 23:12:21,60,1301,3,62,10.322953,0,211
8,31/05/2024 23:13:21,60,1192,3,43,10.033218,0,126
8,31/05/2024 23:14:21,60,1221,2,65,10.045645,0,110
8,31/05/2024 23:15:21,60,1135,3,213,10.111005,0,133
8,31/05/2024 23:16:21,60,1139,2,121,11.065005,0,177
8,31/05/2024 23:17:21,60,1159,3,71,10.233123,0,139
8,31/05/2024 23:18:21,60,1228,3,52,9.963698,0,153
8,31/05/2024 23:19:21,60,1159,3,179,10.561796,0,168
8,31/05/2024 23:20:21,60,1236,3,94,10.227861,0,142
8,31/05/2024 23:21:21,60,1121,3,49,10.843299,0,128
8,31/05/2024 23:22:21,60,1289,2,49,10.264939,0,146
8,31/05/2024 23:23:21,60,1084,2,113,10.332709,0,202
8,31/05/2024 23:24:21,60,1240,3,145,10.443984,0,141
8,31/05/2024 23:25:21,60,1185,3,186,10.167812,0,142
8,31/05/2024 23:26:22,60,1284,2,43,9.971584,0,153
8,31/05/2024 23:27:22,60,1220,3,47,9.797177,0,156
8,31/05/2024 23:28:22,60,1199,3,76,10.49577,0,162
8,31/05/2024 23:29:22,60,1207,3,114,9.942862,0,171
8,31/05/2024 23:30:22,60,1308,3,93,10.252511,0,111
8,31/05/2024 23:31:22,60,1194,3,193,11.120643,0,150
8,31/05/2024 23:32:22,60,1207,3,162,11.164706,0,149
8,31/05/2024 23:33:22,60,1236,3,63,10.103361,0,199
8,31/05/2024 23:34:22,60,1339,3,117,10.15507,0,222
8,31/05/2024 23:35:22,60,1100,2,55,9.462604,0,129
8,31/05/2024 23:36:22,60,1100,3,71,10.557712,0,178
8,31/05/2024 23:37:22,60,1206,2,49,9.861344,0,149
8,31/05/2024 23:38:22,60,1110,3,49,9.903844,0,110
8,31/05/2024 23:39:22,60,1264,4,96,10.42549,0,233
8,31/05/2024 23:40:22,60,1198,3,73,10.346609,0,159
8,31/05/2024 23:41:22,60,1056,3,45,10.144231,0,136
8,31/05/2024 23:42:22,60,1237,3,61,10.360954,0,190
8,31/05/2024 23:43:22,60,1057,3,85,9.821326,0,143
8,31/05/2024 23:44:22,60,1205,3,69,10.144065,0,154
8,31/05/2024 23:45:22,60,1219,3,44,9.729024,0,183
8,31/05/2024 23:46:22,60,1007,3,53,10.253794,0,122
8,31/05/2024 23:47:22,60,1088,3,106,10.606341,0,191
8,31/05/2024 23:48:22,60,1157,3,83,10.424057,0,162
8,31/05/2024 23:49:22,60,1144,1,100,10.3076315,0,136
8,31/05/2024 23:50:22,60,1226,3,76,9.761595,0,171
8,31/05/2024 23:51:22,60,995,4,41,10.151169,0,136
8,31/05/2024 23:52:23,60,1170,3,51,10.094616,0,202
8,31/05/2024 23:53:23,60,955,3,41,9.829607,0,127
8,31/05/2024 23:54:23,60,1092,3,96,10.15084,0,109
8,31/05/2024 23:55:23,60,1061,3,83,10.171293,0,167
8,31/05/2024 23:56:23,60,974,3,53,10.172589,0,185
8,31/05/2024 23:57:23,60,995,4,55,9.933611,0,141
8,31/05/2024 23:58:23,60,936,3,39,10.171029,0,196
8,31/05/2024 23:59:23,60,861,4,48,9.897042,0,150
